Symbol,NAME OF COMPANY,token
360ONE,360 ONE WAM LIMITED,13062.0
3MINDIA,3M India Limited,474.0
ABB,ABB India Limited,12181.0
ACC,ACC Limited,22.0
AIAENG,AIA Engineering Limited,13086.0
APLAPOLLO,APL Apollo Tubes Limited,25780.0
AUBANK,AU Small Finance Bank Limited,21241.0
AARTIIND,Aarti Industries Limited,12180.0
AAVAS,Aavas Financiers Limited,5385.0
ABBOTINDIA,Abbott India Limited,17903.0
ACE,Action Construction Equipment Limited,13589.0
ADANIENSOL,Adani Energy Solutions Limited,10217.0
ADANIENT,Adani Enterprises Limited,25.0
ADANIGREEN,Adani Green Energy Limited,3568.0
ADANIPORTS,Adani Ports and Special Economic Zone Limited,15083.0
ADANIPOWER,Adani Power Limited,17388.0
ATGL,Adani Total Gas Limited,6071.0
AWL,Adani Wilmar Limited,8115.0
ABCAPITAL,Aditya Birla Capital Limited,21617.0
ABFRL,Aditya Birla Fashion and Retail Limited,30111.0
AEGISLOG,Aegis Logistics Limited,12187.0
AETHER,Aether Industries Limited,9810.0
AFFLE,Affle (India) Limited,11345.0
AJANTPHARM,Ajanta Pharma Limited,12191.0
APLLTD,Alembic Pharmaceuticals Limited,25328.0
ALKEM,Alkem Laboratories Limited,11703.0
ALKYLAMINE,Alkyl Amines Chemicals Limited,4487.0
ALLCARGO,Allcargo Logistics Limited,13505.0
ALOKINDS,Alok Industries Limited,17675.0
ARE&M,Amara Raja Energy & Mobility Limited,100.0
AMBER,Amber Enterprises India Limited,1192.0
AMBUJACEM,Ambuja Cements Limited,1270.0
ANANDRATHI,Anand Rathi Wealth Limited,7145.0
ANGELONE,Angel One Limited,328.0
ANURAS,Anupam Rasayan India Limited,2829.0
APARINDS,Apar Industries Limited,12206.0
APOLLOHOSP,Apollo Hospitals Enterprise Limited,12209.0
APOLLOTYRE,Apollo Tyres Limited,163.0
APTUS,Aptus Value Housing Finance India Limited,5435.0
ACI,Archean Chemical Industries Limited,12030.0
ASAHIINDIA,Asahi India Glass Limited,12215.0
ASHOKLEY,Ashok Leyland Limited,12218.0
ASIANPAINT,Asian Paints Limited,236.0
ASTERDM,Aster DM Healthcare Limited,1508.0
ASTRAZEN,AstraZeneca Pharma India Limited,5610.0
ASTRAL,Astral Limited,14418.0
ATUL,Atul Limited,263.0
AUROPHARMA,Aurobindo Pharma Limited,275.0
AVANTIFEED,Avanti Feeds Limited,7936.0
DMART,Avenue Supermarts Limited,19913.0
AXISBANK,Axis Bank Limited,5900.0
BEML,BEML Limited,395.0
BLS,BLS International Services Limited,17279.0
BSE,BSE Limited,19588.0
BAJAJ-AUTO,Bajaj Auto Limited,16669.0
BAJFINANCE,Bajaj Finance Limited,317.0
BAJAJFINSV,Bajaj Finserv Limited,16678.0
BAJAJHLDNG,Bajaj Holdings & Investment Limited,305.0
BALAMINES,Balaji Amines Limited,14504.0
BALKRISIND,Balkrishna Industries Limited,335.0
BALRAMCHIN,Balrampur Chini Mills Limited,341.0
BANDHANBNK,Bandhan Bank Limited,2270.0
BANKBARODA,Bank of Baroda,4668.0
BANKINDIA,Bank of India,4745.0
MAHABANK,Bank of Maharashtra,11377.0
BATAINDIA,Bata India Limited,371.0
BAYERCROP,Bayer Cropscience Limited,17930.0
BERGEPAINT,Berger Paints (I) Limited,404.0
BDL,Bharat Dynamics Limited,2144.0
BEL,Bharat Electronics Limited,383.0
BHARATFORG,Bharat Forge Limited,422.0
BHEL,Bharat Heavy Electricals Limited,438.0
BPCL,Bharat Petroleum Corporation Limited,526.0
BHARTIARTL,Bharti Airtel Limited,10604.0
BIKAJI,Bikaji Foods International Limited,11973.0
BIOCON,Biocon Limited,11373.0
BIRLACORPN,Birla Corporation Limited,480.0
BSOFT,BIRLASOFT LIMITED,6994.0
BLUEDART,Blue Dart Express Limited,495.0
BLUESTARCO,Blue Star Limited,8311.0
BBTC,Bombay Burmah Trading Corporation Limited,380.0
BORORENEW,BOROSIL RENEWABLES LIMITED,3154.0
BOSCHLTD,Bosch Limited,2181.0
BRIGADE,Brigade Enterprises Limited,15184.0
BRITANNIA,Britannia Industries Limited,547.0
MAPMYINDIA,C.E. Info Systems Limited,7238.0
CCL,CCL Products (India) Limited,11452.0
CESC,CESC Limited,628.0
CGPOWER,CG Power and Industrial Solutions Limited,760.0
CIEINDIA,CIE Automotive India Limited,14937.0
CRISIL,CRISIL Limited,757.0
CSBBANK,CSB Bank Limited,14966.0
CAMPUS,Campus Activewear Limited,9367.0
CANFINHOME,Can Fin Homes Limited,583.0
CANBK,Canara Bank,10794.0
CAPLIPOINT,Caplin Point Laboratories Limited,3906.0
CGCL,Capri Global Capital Limited,20329.0
CARBORUNIV,Carborundum Universal Limited,595.0
CASTROLIND,Castrol India Limited,1250.0
CEATLTD,CEAT Limited,15254.0
CELLO,Cello World Limited,19798.0
CENTRALBK,Central Bank of India,14894.0
CDSL,Central Depository Services (India) Limited,21174.0
CENTURYPLY,Century Plyboards (India) Limited,13305.0
CENTURYTEX,Century Textiles & Industries Limited,625.0
CERA,Cera Sanitaryware Limited,15039.0
CHALET,Chalet Hotels Limited,8549.0
CHAMBLFERT,Chambal Fertilizers & Chemicals Limited,637.0
CHEMPLASTS,Chemplast Sanmar Limited,5453.0
CHENNPETRO,Chennai Petroleum Corporation Limited,12296.0
CHOLAHLDNG,Cholamandalam Financial Holdings Limited,21744.0
CHOLAFIN,Cholamandalam Investment and Finance Company Limited,685.0
CIPLA,Cipla Limited,694.0
CUB,City Union Bank Limited,5701.0
CLEAN,Clean Science and Technology Limited,5049.0
COALINDIA,Coal India Limited,20374.0
COCHINSHIP,Cochin Shipyard Limited,21508.0
COFORGE,Coforge Limited,11543.0
COLPAL,Colgate Palmolive (India) Limited,15141.0
CAMS,Computer Age Management Services Limited,342.0
CONCORDBIO,Concord Biotech Limited,18078.0
CONCOR,Container Corporation of India Limited,4749.0
COROMANDEL,Coromandel International Limited,739.0
CRAFTSMAN,Craftsman Automation Limited,2854.0
CREDITACC,CREDITACCESS GRAMEEN LIMITED,4425.0
CROMPTON,Crompton Greaves Consumer Electricals Limited,17097.0
CUMMINSIND,Cummins India Limited,1901.0
CYIENT,Cyient Limited,12487.0
DCMSHRIRAM,DCM Shriram Limited,811.0
DLF,DLF Limited,14732.0
DOMS,DOMS Industries Limited,20551.0
DABUR,Dabur India Limited,772.0
DALBHARAT,Dalmia Bharat Limited,8075.0
DATAPATTNS,Data Patterns (India) Limited,7370.0
DEEPAKFERT,Deepak Fertilizers and Petrochemicals Corporation Limited,827.0
DEEPAKNTR,Deepak Nitrite Limited,19943.0
DELHIVERY,Delhivery Limited,9608.0
DEVYANI,Devyani International Limited,5373.0
DIVISLAB,Divi's Laboratories Limited,10940.0
DIXON,Dixon Technologies (India) Limited,21690.0
LALPATHLAB,Dr. Lal Path Labs Ltd.,11685.0
DRREDDY,Dr. Reddy's Laboratories Limited,881.0
DUMMYRAYMD,,
DUMMYSANOF,,
EIDPARRY,EID Parry India Limited,12342.0
EIHOTEL,EIH Limited,919.0
EPL,EPL Limited,12354.0
EASEMYTRIP,Easy Trip Planners Limited,2792.0
EICHERMOT,Eicher Motors Limited,910.0
ELECON,Elecon Engineering Company Limited,13643.0
ELGIEQUIP,Elgi Equipments Limited,937.0
EMAMILTD,Emami Limited,13517.0
ENDURANCE,Endurance Technologies Limited,18825.0
ENGINERSIN,Engineers India Limited,4907.0
EQUITASBNK,Equitas Small Finance Bank Limited,913.0
ERIS,Eris Lifesciences Limited,21154.0
ESCORTS,Escorts Kubota Limited,958.0
EXIDEIND,Exide Industries Limited,676.0
FDC,FDC Limited,4898.0
NYKAA,FSN E-Commerce Ventures Limited,6553.0
FEDERALBNK,The Federal Bank  Limited,1023.0
FACT,Fertilizers and Chemicals Travancore Limited,1008.0
FINEORG,Fine Organic Industries Limited,3753.0
FINCABLES,Finolex Cables Limited,1038.0
FINPIPE,Finolex Industries Limited,1041.0
FSL,Firstsource Solutions Limited,14306.0
FIVESTAR,Five-Star Business Finance Limited,12036.0
FORTIS,Fortis Healthcare Limited,14592.0
GAIL,GAIL (India) Limited,4717.0
GMMPFAUDLR,GMM Pfaudler Limited,1570.0
GMRINFRA,GMR Airports Infrastructure Limited,13528.0
GRSE,Garden Reach Shipbuilders & Engineers Limited,5477.0
GICRE,General Insurance Corporation of India,277.0
GILLETTE,Gillette India Limited,1576.0
GLAND,Gland Pharma Limited,1186.0
GLAXO,GlaxoSmithKline Pharmaceuticals Limited,1153.0
GLS,Glenmark Life Sciences Limited,5276.0
GLENMARK,Glenmark Pharmaceuticals Limited,12395.0
MEDANTA,Global Health Limited,11962.0
GPIL,Godawari Power And Ispat limited,13409.0
GODFRYPHLP,Godfrey Phillips India Limited,1181.0
GODREJCP,Godrej Consumer Products Limited,10099.0
GODREJIND,Godrej Industries Limited,10925.0
GODREJPROP,Godrej Properties Limited,17875.0
GRANULES,Granules India Limited,11872.0
GRAPHITE,Graphite India Limited,592.0
GRASIM,Grasim Industries Limited,1232.0
GESHIP,The Great Eastern Shipping Company Limited,13776.0
GRINDWELL,Grindwell Norton Limited,13563.0
GAEL,Gujarat Ambuja Exports Limited,8828.0
FLUOROCHEM,Gujarat Fluorochemicals Limited,13750.0
GUJGASLTD,Gujarat Gas Limited,10602.0
GMDCLTD,Gujarat Mineral Development Corporation Limited,5204.0
GNFC,Gujarat Narmada Valley Fertilizers and Chemicals Limited,1174.0
GPPL,Gujarat Pipavav Port Limited,19734.0
GSFC,Gujarat State Fertilizers & Chemicals Limited,1247.0
GSPL,Gujarat State Petronet Limited,13201.0
HEG,HEG Limited,1336.0
HBLPOWER,HBL Power Systems Limited,13969.0
HCLTECH,HCL Technologies Limited,7229.0
HDFCAMC,HDFC Asset Management Company Limited,4248.0
HDFCBANK,HDFC Bank Limited,1333.0
HDFCLIFE,HDFC Life Insurance Company Limited,467.0
HFCL,HFCL Limited,21955.0
HAPPSTMNDS,Happiest Minds Technologies Limited,57.0
HAPPYFORGE,Happy Forgings Limited,20868.0
HAVELLS,Havells India Limited,9819.0
HEROMOTOCO,Hero MotoCorp Limited,1348.0
HSCL,Himadri Speciality Chemical Limited,14334.0
HINDALCO,Hindalco Industries Limited,1363.0
HAL,Hindustan Aeronautics Limited,2312.0
HINDCOPPER,Hindustan Copper Limited,17939.0
HINDPETRO,Hindustan Petroleum Corporation Limited,1406.0
HINDUNILVR,Hindustan Unilever Limited,1394.0
HINDZINC,Hindustan Zinc Limited,13704.0
POWERINDIA,Hitachi Energy India Limited,18458.0
HOMEFIRST,Home First Finance Company India Limited,2056.0
HONASA,Honasa Consumer Limited,19813.0
HONAUT,Honeywell Automation India Limited,3417.0
HUDCO,Housing & Urban Development Corporation Limited,20825.0
ICICIBANK,ICICI Bank Limited,12458.0
ICICIGI,ICICI Lombard General Insurance Company Limited,21770.0
ICICIPRULI,ICICI Prudential Life Insurance Company Limited,18655.0
ISEC,ICICI Securities Limited,2489.0
IDBI,IDBI Bank Limited,1476.0
IDFCFIRSTB,IDFC First Bank Limited,11184.0
IDFC,IDFC Limited,11957.0
IIFL,IIFL Finance Limited,11809.0
IRB,IRB Infrastructure Developers Limited,15316.0
IRCON,Ircon International Limited,5006.0
ITC,ITC Limited,1660.0
ITI,ITI Limited,1675.0
INDIACEM,The India Cements Limited,1515.0
INDIAMART,Indiamart Intermesh Limited,10728.0
INDIANB,Indian Bank,14311.0
IEX,Indian Energy Exchange Limited,220.0
INDHOTEL,The Indian Hotels Company Limited,1512.0
IOC,Indian Oil Corporation Limited,1624.0
IOB,Indian Overseas Bank,9348.0
IRCTC,Indian Railway Catering And Tourism Corporation Limited,13613.0
IRFC,Indian Railway Finance Corporation Limited,2029.0
INDIGOPNTS,Indigo Paints Limited,2053.0
IGL,Indraprastha Gas Limited,11262.0
INDUSTOWER,Indus Towers Limited,29135.0
INDUSINDBK,IndusInd Bank Limited,5258.0
NAUKRI,Info Edge (India) Limited,13751.0
INFY,Infosys Limited,1594.0
INOXWIND,Inox Wind Limited,7852.0
INTELLECT,Intellect Design Arena Limited,5926.0
INDIGO,InterGlobe Aviation Limited,11195.0
IPCALAB,IPCA Laboratories Limited,1633.0
JBCHEPHARM,JB Chemicals & Pharmaceuticals Limited,1726.0
JKCEMENT,JK Cement Limited,13270.0
JBMA,JBM Auto Limited,11655.0
JKLAKSHMI,JK Lakshmi Cement Limited,13491.0
JKPAPER,JK Paper Limited,11860.0
JMFINANCIL,JM Financial Limited,13637.0
JSWENERGY,JSW Energy Limited,17869.0
JSWINFRA,JSW Infrastructure Limited,19020.0
JSWSTEEL,JSW Steel Limited,11723.0
JAIBALAJI,Jai Balaji Industries Limited,14076.0
J&KBANK,The Jammu & Kashmir Bank Limited,5633.0
JINDALSAW,Jindal Saw Limited,3024.0
JSL,Jindal Stainless Limited,11236.0
JINDALSTEL,Jindal Steel & Power Limited,6733.0
JIOFIN,Jio Financial Services Limited,18144.0
JUBLFOOD,Jubilant Foodworks Limited,18096.0
JUBLINGREA,Jubilant Ingrevia Limited,2786.0
JUBLPHARMA,Jubilant Pharmova Limited,3637.0
JWL,Jupiter Wagons Limited,20227.0
JUSTDIAL,Just Dial Limited,29962.0
JYOTHYLAB,Jyothy Labs Limited,15149.0
KPRMILL,K.P.R. Mill Limited,14912.0
KEI,KEI Industries Limited,13314.0
KNRCON,KNR Constructions Limited,15286.0
KPITTECH,KPIT Technologies Limited,9684.0
KRBL,KRBL Limited,12550.0
KSB,Ksb Limited,1949.0
KAJARIACER,Kajaria Ceramics Limited,1808.0
KPIL,Kalpataru Projects International Limited,1814.0
KALYANKJIL,Kalyan Jewellers India Limited,2965.0
KANSAINER,Kansai Nerolac Paints Limited,1196.0
KARURVYSYA,Karur Vysya Bank Limited,1838.0
KAYNES,Kaynes Technology India Limited,12092.0
KEC,KEC International Limited,13260.0
KFINTECH,Kfin Technologies Limited,13364.0
KOTAKBANK,Kotak Mahindra Bank Limited,1922.0
KIMS,Krishna Institute of Medical Sciences Limited,4857.0
LTF,L&T Finance Limited,24951.0
LTTS,L&T Technology Services Limited,18567.0
LICHSGFIN,LIC Housing Finance Limited,1997.0
LTIM,LTIMindtree Limited,17845.0
LT,Larsen & Toubro Limited,11483.0
LATENTVIEW,Latent View Analytics Limited,6818.0
LAURUSLABS,Laurus Labs Limited,19234.0
LXCHEM,Laxmi Organic Industries Limited,2841.0
LEMONTREE,Lemon Tree Hotels Limited,2606.0
LICI,Life Insurance Corporation Of India,9483.0
LINDEINDIA,Linde India Limited,1627.0
LLOYDSME,Lloyds Metals And Energy Limited,17317.0
LUPIN,Lupin Limited,10440.0
MMTC,MMTC Limited,17957.0
MRF,MRF Limited,2277.0
MTARTECH,Mtar Technologies Limited,2718.0
LODHA,Macrotech Developers Limited,3220.0
MGL,Mahanagar Gas Limited,17534.0
MAHSEAMLES,Maharashtra Seamless Limited,2088.0
M&MFIN,Mahindra & Mahindra Financial Services Limited,20050.0
M&M,Mahindra & Mahindra Limited,2031.0
MHRIL,Mahindra Holidays & Resorts India Limited,17336.0
MAHLIFE,Mahindra Lifespace Developers Limited,8050.0
MANAPPURAM,Manappuram Finance Limited,19061.0
MRPL,Mangalore Refinery and Petrochemicals Limited,2283.0
MANKIND,Mankind Pharma Limited,15386.0
MARICO,Marico Limited,4067.0
MARUTI,Maruti Suzuki India Limited,12587.0
MASTEK,Mastek Limited,2124.0
MFSL,Max Financial Services Limited,2142.0
MAXHEALTH,Max Healthcare Institute Limited,22378.0
MAZDOCK,Mazagon Dock Shipbuilders Limited,521.0
MEDPLUS,Medplus Health Services Limited,7254.0
METROBRAND,Metro Brands Limited,7249.0
METROPOLIS,Metropolis Healthcare Limited,9587.0
MINDACORP,Minda Corporation Limited,25897.0
MSUMI,Motherson Sumi Wiring India Limited,8597.0
MOTILALOFS,Motilal Oswal Financial Services Limited,14947.0
MPHASIS,MphasiS Limited,4503.0
MCX,Multi Commodity Exchange of India Limited,31181.0
MUTHOOTFIN,Muthoot Finance Limited,23650.0
NATCOPHARM,Natco Pharma Limited,3918.0
NBCC,NBCC (India) Limited,31415.0
NCC,NCC Limited,2319.0
NHPC,NHPC Limited,17400.0
NLCINDIA,NLC India Limited,8585.0
NMDC,NMDC Limited,15335.0
NSLNISP,NMDC Steel Limited,14180.0
NTPC,NTPC Limited,11630.0
NH,Narayana Hrudayalaya Ltd.,11840.0
NATIONALUM,National Aluminium Company Limited,12623.0
NAVINFLUOR,Navin Fluorine International Limited,14675.0
NESTLEIND,Nestle India Limited,17963.0
NETWORK18,Network18 Media & Investments Limited,14115.0
NAM-INDIA,Nippon Life India Asset Management Limited,357.0
NUVAMA,Nuvama Wealth Management Limited,18722.0
NUVOCO,Nuvoco Vistas Corporation Limited,5430.0
OBEROIRLTY,Oberoi Realty Limited,20245.0
ONGC,Oil & Natural Gas Corporation Limited,2475.0
OIL,Oil India Limited,17441.0
OLECTRA,Olectra Greentech Limited,10637.0
PAYTM,One 97 Communications Limited,6705.0
OFSS,Oracle Financial Services Software Limited,10738.0
POLICYBZR,PB Fintech Limited,6656.0
PCBL,PCBL LIMITED,2649.0
PIIND,PI Industries Limited,24187.0
PNBHOUSING,PNB Housing Finance Limited,18908.0
PNCINFRA,PNC Infratech Limited,9385.0
PVRINOX,PVR INOX Limited,13149.0
PAGEIND,Page Industries Limited,14413.0
PATANJALI,Patanjali Foods Limited,17029.0
PERSISTENT,Persistent Systems Limited,18368.0
PETRONET,Petronet LNG Limited,11351.0
PHOENIXLTD,The Phoenix Mills Limited,14552.0
PIDILITIND,Pidilite Industries Limited,12674.0
PEL,Piramal Enterprises Limited,2412.0
PPLPHARMA,Piramal Pharma Limited,11571.0
POLYMED,Poly Medicure Limited,25721.0
POLYCAB,Polycab India Limited,9594.0
POONAWALLA,Poonawalla Fincorp Limited,11403.0
PFC,Power Finance Corporation Limited,14299.0
POWERGRID,Power Grid Corporation of India Limited,14977.0
PRAJIND,Praj Industries Limited,2705.0
PRESTIGE,Prestige Estates Projects Limited,20302.0
PRINCEPIPE,Prince Pipes And Fittings Limited,16088.0
PRSMJOHNSN,Prism Johnson Limited,2739.0
PGHH,Procter & Gamble Hygiene and Health Care Limited,2535.0
PNB,Punjab National Bank,10666.0
QUESS,Quess Corp Limited,17707.0
RRKABEL,R R Kabel Limited,18578.0
RBLBANK,RBL Bank Limited,18394.0
RECLTD,REC Limited,15353.0
RHIM,RHI MAGNESITA INDIA LIMITED,31166.0
RITES,RITES Limited,3764.0
RADICO,Radico Khaitan Limited,10990.0
RVNL,Rail Vikas Nigam Limited,9562.0
RAILTEL,Railtel Corporation Of India Limited,2443.0
RAINBOW,Rainbow Childrens Medicare Limited,9408.0
RAJESHEXPO,Rajesh Exports Limited,7401.0
RKFORGE,Ramkrishna Forgings Limited,11411.0
RCF,Rashtriya Chemicals and Fertilizers Limited,2866.0
RATNAMANI,Ratnamani Metals & Tubes Limited,13451.0
RTNINDIA,RattanIndia Enterprises Limited,27300.0
RAYMOND,Raymond Limited,12708.0
REDINGTON,Redington Limited,14257.0
RELIANCE,Reliance Industries Limited,2885.0
RBA,Restaurant Brands Asia Limited,1499.0
ROUTE,ROUTE MOBILE LIMITED,138.0
SBFC,SBFC Finance Limited,18030.0
SBICARD,SBI Cards and Payment Services Limited,17971.0
SBILIFE,SBI Life Insurance Company Limited,21808.0
SJVN,SJVN Limited,18883.0
SKFINDIA,SKF India Limited,3186.0
SRF,SRF Limited,3273.0
SAFARI,Safari Industries (India) Limited,13037.0
SAMMAANCAP,Sammaan Capital Limited,30125.0
MOTHERSON,Samvardhana Motherson International Limited,12605.0
SANOFI,Sanofi India Limited,1442.0
SAPPHIRE,Sapphire Foods India Limited,6725.0
SAREGAMA,Saregama India Limited,4892.0
SCHAEFFLER,Schaeffler India Limited,1011.0
SCHNEIDER,Schneider Electric Infrastructure Limited,31237.0
SHREECEM,SHREE CEMENT LIMITED,3103.0
RENUKA,Shree Renuka Sugars Limited,12026.0
SHRIRAMFIN,Shriram Finance Limited,4306.0
SHYAMMETL,Shyam Metalics and Energy Limited,4709.0
SIEMENS,Siemens Limited,3150.0
SIGNATURE,Signatureglobal (India) Limited,18743.0
SOBHA,Sobha Limited,13826.0
SOLARINDS,Solar Industries India Limited,13332.0
SONACOMS,Sona BLW Precision Forgings Limited,4687.0
SONATSOFTW,Sonata Software Limited,6596.0
STARHEALTH,Star Health and Allied Insurance Company Limited,7089.0
SBIN,State Bank of India,3045.0
SAIL,Steel Authority of India Limited,2963.0
SWSOLAR,Sterling and Wilson Renewable Energy Limited,12575.0
STLTECH,Sterlite Technologies Limited,9309.0
SUMICHEM,Sumitomo Chemical India Limited,17105.0
SPARC,Sun Pharma Advanced Research Company Limited,14791.0
SUNPHARMA,Sun Pharmaceutical Industries Limited,3351.0
SUNTV,Sun TV Network Limited,13404.0
SUNDARMFIN,Sundaram Finance Limited,3339.0
SUNDRMFAST,Sundram Fasteners Limited,3345.0
SUNTECK,Sunteck Realty Limited,17641.0
SUPREMEIND,Supreme Industries Limited,3363.0
SUVENPHAR,Suven Pharmaceuticals Limited,17946.0
SUZLON,Suzlon Energy Limited,12018.0
SWANENERGY,Swan Energy Limited,27098.0
SYNGENE,Syngene International Limited,10245.0
SYRMA,Syrma SGS Technology Limited,10793.0
TV18BRDCST,TV18 Broadcast Limited,14208.0
TVSMOTOR,TVS Motor Company Limited,8479.0
TVSSCS,TVS Supply Chain Solutions Limited,18155.0
TMB,Tamilnad Mercantile Bank Limited,10945.0
TANLA,Tanla Platforms Limited,13978.0
TATACHEM,Tata Chemicals Limited,3405.0
TATACOMM,Tata Communications Limited,3721.0
TCS,Tata Consultancy Services Limited,11536.0
TATACONSUM,TATA CONSUMER PRODUCTS LIMITED,3432.0
TATAELXSI,Tata Elxsi Limited,3411.0
TATAINVEST,Tata Investment Corporation Limited,1621.0
TATAMOTORS,Tata Motors Limited,3456.0
TATAPOWER,Tata Power Company Limited,3426.0
TATASTEEL,Tata Steel Limited,3499.0
TATATECH,Tata Technologies Limited,20297.0
TTML,Tata Teleservices (Maharashtra) Limited,8954.0
TECHM,Tech Mahindra Limited,13538.0
TEJASNET,Tejas Networks Limited,21131.0
NIACL,The New India Assurance Company Limited,399.0
RAMCOCEM,The Ramco Cements Limited,2043.0
THERMAX,Thermax Limited,3475.0
TIMKEN,Timken India Limited,14198.0
TITAGARH,TITAGARH RAIL SYSTEMS LIMITED,15414.0
TITAN,Titan Company Limited,3506.0
TORNTPHARM,Torrent Pharmaceuticals Limited,3518.0
TORNTPOWER,Torrent Power Limited,13789.0
TRENT,Trent Limited,1964.0
TRIDENT,Trident Limited,12182.0
TRIVENI,Triveni Engineering & Industries Limited,13085.0
TRITURBINE,Triveni Turbine Limited,25584.0
TIINDIA,Tube Investments of India Limited,312.0
UCOBANK,UCO Bank,11223.0
UNOMINDA,UNO Minda Limited,14157.0
UPL,UPL Limited,11287.0
UTIAMC,UTI Asset Management Company Limited,554.0
UJJIVANSFB,Ujjivan Small Finance Bank Limited,15228.0
ULTRACEMCO,UltraTech Cement Limited,11532.0
UNIONBANK,Union Bank of India,10753.0
UBL,United Breweries Limited,16713.0
UNITDSPR,United Spirits Limited,10447.0
USHAMART,Usha Martin Limited,8840.0
VGUARD,V-Guard Industries Limited,15362.0
VIPIND,VIP Industries Limited,3703.0
VAIBHAVGBL,Vaibhav Global Limited,11364.0
VTL,Vardhman Textiles Limited,2073.0
VARROC,Varroc Engineering Limited,3857.0
VBL,Varun Beverages Limited,18924.0
MANYAVAR,Vedant Fashions Limited,8178.0
VEDL,Vedanta Limited,3063.0
VIJAYA,Vijaya Diagnostic Centre Limited,5585.0
IDEA,Vodafone Idea Limited,14366.0
VOLTAS,Voltas Limited,3718.0
WELCORP,Welspun Corp Limited,12890.0
WELSPUNLIV,Welspun Living Limited,11253.0
WESTLIFE,WESTLIFE FOODWORLD LIMITED,11580.0
WHIRLPOOL,Whirlpool of India Limited,18011.0
WIPRO,Wipro Limited,3787.0
YESBANK,Yes Bank Limited,11915.0
ZFCVINDIA,ZF Commercial Vehicle Control Systems India Limited,16918.0
ZEEL,Zee Entertainment Enterprises Limited,3812.0
ZENSARTECH,Zensar Technologies Limited,1076.0
ZOMATO,Zomato Limited,5102.0
ZYDUSLIFE,Zydus Lifesciences Limited,7929.0
ECLERX,eClerx Services Limited,15182.0