rsi,symbol,sl_pct,total_trades,winning_trades,losing_trades,win_ratio,priority
48,BAJAJ-AUTO,0.1,70,49,21,70.00%,1
58,GRASIM,0.1,86,60,26,69.77%,0
52,NTPC,0.1,75,50,25,66.67%,0
48,BHARTIARTL,0.1,70,46,24,65.71%,1
52,UNITDSPR,0.1,64,45,19,70.31%,1
55,TVSMOTOR,0.1,73,48,25,65.75%,1
56,ANANDRATHI,0.1,51,35,16,68.63%,1
53,OFSS,0.1,80,57,23,71.25%,1
56,TRENT,0.1,74,46,28,62.16%,1
52,BOSCHLTD,0.1,61,37,24,60.66%,1
60,HDFCAMC,0.1,63,38,25,60.32%,1
61,ONGC,0.1,63,39,24,61.90%,1
45,CUMMINSIND,0.1,54,34,20,62.96%,1
64,COALINDIA,0.1,53,32,21,60.38%,1
59,COLPAL,0.1,71,35,36,49.30%,1
53,APOLLOHOSP,0.1,75,53,22,70.67%,1
72,MEDANTA,0.1,22,18,4,81.82%,1
50,M&M,0.1,87,49,38,56.32%,1
54,DIXON,0.1,64,41,23,64.06%,1
60,SIEMENS,0.1,67,41,26,61.19%,1
68,TATAMOTORS,0.1,41,29,12,70.73%,1
51,SUVENPHAR,0.1,80,42,38,52.50%,1
67,IRCTC,0.1,31,25,6,80.65%,1
53,LT,0.1,72,38,34,52.78%,1
52,HEROMOTOCO,0.1,81,42,39,51.85%,1
59,KFINTECH,0.1,38,24,14,63.16%,1
50,NH,0.1,91,62,29,68.13%,1
51,TORNTPHARM,0.1,79,35,44,44.30%,1
52,PIDILITIND,0.1,78,49,29,62.82%,1
52,ICICIBANK,0.1,83,54,29,65.06%,1
73,GLS,0.1,10,9,1,90.00%,1
63,PERSISTENT,0.1,71,42,29,59.15%,1
51,HCLTECH,0.1,62,38,24,61.29%,1
57,ZYDUSLIFE,0.1,62,42,20,67.74%,1
71,ITC,0.1,30,22,8,73.33%,1
38,MARUTI,0.1,40,36,4,90.00%,1
51,ULTRACEMCO,0.1,87,54,33,62.07%,1
58,FORTIS,0.1,93,50,43,53.76%,1
54,KAYNES,0.1,41,31,10,75.61%,1
52,GLENMARK,0.1,74,36,38,48.65%,1
51,HINDALCO,0.1,67,50,17,74.63%,1
61,JWL,0.1,59,32,27,54.24%,1
54,PNBHOUSING,0.1,88,59,29,67.05%,1
47,BEML,0.1,60,43,17,71.67%,1
54,BIKAJI,0.1,46,30,16,65.22%,1
70,HSCL,0.1,24,13,11,54.17%,1
56,TORNTPOWER,0.1,80,47,33,58.75%,1
43,INDIGO,0.1,54,36,18,66.67%,1
52,POLYMED,0.1,86,56,30,65.12%,1
58,CGPOWER,0.1,66,47,19,71.21%,1
63,NMDC,0.1,51,37,14,72.55%,1
42,IOC,0.1,70,33,37,47.14%,1
61,SOLARINDS,0.1,52,33,19,63.46%,0
70,LUPIN,0.1,31,18,13,58.06%,0
59,HAL,0.1,67,45,22,67.16%,0
50,ATUL,0.1,68,32,36,47.06%,0
57,KIMS,0.1,69,49,20,71.01%,0
50,MAHSEAMLES,0.1,80,46,34,57.50%,0
56,POLYCAB,0.08,69,49,20,71.01%,0
46,CHALET,0.1,54,34,20,62.96%,0
72,BSOFT,0.1,26,17,9,65.38%,0
51,KPIL,0.1,70,44,26,62.86%,0
50,GPIL,0.1,66,38,28,57.58%,0
45,EICHERMOT,0.1,77,49,28,63.64%,0
51,GODFRYPHLP,0.1,86,46,40,53.49%,0
60,TATAINVEST,0.1,68,37,31,54.41%,0
45,FIVESTAR,0.1,31,20,11,64.52%,0
47,TATACONSUM,0.1,66,40,26,60.61%,0
42,BAJAJHLDNG,0.1,50,32,18,64.00%,0
45,ABB,0.1,65,35,30,53.85%,0
54,SUNDRMFAST,0.1,80,44,36,55.00%,0
60,SUZLON,0.1,55,34,21,61.82%,0
58,SUNPHARMA,0.1,67,39,28,58.21%,0
58,HAVELLS,0.1,69,33,36,47.83%,0
63,RECLTD,0.1,48,27,21,56.25%,0
45,COROMANDEL,0.1,75,41,34,54.67%,0
48,POWERGRID,0.1,72,47,25,65.28%,0
48,INDIANB,0.1,75,42,33,56.00%,0
54,CYIENT,0.1,69,37,32,53.62%,0
52,JKCEMENT,0.1,60,39,21,65.00%,0
53,ACE,0.1,86,47,39,54.65%,0
62,MRF,0.1,59,33,26,55.93%,0
60,ZOMATO,0.1,55,32,23,58.18%,0
47,SUNDARMFIN,0.1,76,40,36,52.63%,0
47,GILLETTE,0.1,75,43,32,57.33%,0
62,KAJARIACER,0.1,64,35,29,54.69%,0
53,JSL,0.1,68,37,31,54.41%,0
60,RAILTEL,0.1,45,26,19,57.78%,0
56,ASTERDM,0.1,86,46,40,53.49%,0
57,VAIBHAVGBL,0.1,58,31,27,53.45%,0
45,THERMAX,0.1,61,38,23,62.30%,0
60,OIL,0.1,60,41,19,68.33%,0
61,ASIANPAINT,0.08,64,37,27,57.81%,0
63,BERGEPAINT,0.08,58,39,19,67.24%,0
61,BSE,0.1,58,33,25,56.90%,0
48,CERA,0.1,69,40,29,57.97%,0
56,SUPREMEIND,0.1,73,45,28,61.64%,1
69,ISEC,0.1,26,18,8,69.23%,1
55,TATAELXSI,0.1,60,38,22,63.33%,1
53,NCC,0.1,79,39,40,49.37%,1
46,ALKEM,0.1,73,46,27,63.01%,1
44,AJANTPHARM,0.1,78,35,43,44.87%,1
48,BLUESTARCO,0.1,63,39,24,61.90%,1
60,CANBK,0.1,68,32,36,47.06%,1
44,NATIONALUM,0.1,60,39,21,65.00%,1
56,LALPATHLAB,0.1,76,37,39,48.68%,1
60,BHEL,0.1,55,37,18,67.27%,1
56,JAIBALAJI,0.1,51,25,26,49.02%,1
47,ENDURANCE,0.1,71,36,35,50.70%,1
48,RADICO,0.1,72,44,28,61.11%,1
56,ESCORTS,0.1,65,33,32,50.77%,1
48,LEMONTREE,0.1,79,44,35,55.70%,1
50,INDHOTEL,0.1,85,46,39,54.12%,1
55,ZFCVINDIA,0.1,85,41,44,48.24%,1
52,ADANIPORTS,0.1,67,43,24,64.18%,1
42,GMRINFRA,0.1,61,40,21,65.57%,1
48,AAVAS,0.1,73,43,30,58.90%,1
56,TATASTEEL,0.1,80,46,34,57.50%,1
56,WIPRO,0.08,74,43,31,58.11%,1
48,BAJAJFINSV,0.1,72,34,38,47.22%,1
57,RAINBOW,0.1,64,40,24,62.50%,1
60,ERIS,0.1,69,29,40,42.03%,1
58,PNB,0.1,60,32,28,53.33%,1
53,LINDEINDIA,0.1,69,35,34,50.72%,1
54,MFSL,0.1,76,45,31,59.21%,1
49,VGUARD,0.1,77,46,31,59.74%,1
42,BEL,0.1,57,33,24,57.89%,1
58,TATAPOWER,0.1,66,37,29,56.06%,1
54,GODREJIND,0.1,63,41,22,65.08%,1
56,ADANIPOWER,0.1,70,40,30,57.14%,1
57,AMBUJACEM,0.1,69,36,33,52.17%,1
60,WELCORP,0.1,77,37,40,48.05%,1
43,TIINDIA,0.1,66,37,29,56.06%,1
58,APLAPOLLO,0.1,72,42,30,58.33%,1
55,MANAPPURAM,0.1,77,45,32,58.44%,1
49,AXISBANK,0.1,78,51,27,65.38%,1
60,VOLTAS,0.1,64,31,33,48.44%,1
59,TITAGARH,0.1,68,40,28,58.82%,1
62,UJJIVANSFB,0.1,47,25,22,53.19%,1
44,POWERINDIA,0.1,41,30,11,73.17%,1
45,BRITANNIA,0.1,74,42,32,56.76%,1
48,BANKBARODA,0.1,73,34,39,46.58%,1
54,JYOTHYLAB,0.1,68,32,36,47.06%,1
72,TTML,0.1,13,9,4,69.23%,1
50,KARURVYSYA,0.1,67,28,39,41.79%,1
49,VEDL,0.1,81,43,38,53.09%,1
56,LTF,0.1,80,38,42,47.50%,1
74,ANURAS,0.1,16,14,2,87.50%,1
57,DALBHARAT,0.1,80,39,41,48.75%,1
51,TATACOMM,0.1,73,45,28,61.64%,1
43,CONCORDBIO,0.1,22,14,8,63.64%,1
44,ICICIGI,0.1,70,41,29,58.57%,1
40,BANKINDIA,0.1,60,37,23,61.67%,1
57,SCHAEFFLER,0.1,58,33,25,56.90%,1
56,RAYMOND,0.1,81,43,38,53.09%,1
48,KEI,0.1,60,34,26,56.67%,1
42,KEC,0.1,47,35,12,74.47%,1
48,SBIN,0.1,72,39,33,54.17%,1
33,HONAUT,0.1,32,22,10,68.75%,1
60,UNOMINDA,0.1,76,45,31,59.21%,1
52,PFC,0.1,79,39,40,49.37%,1
49,NATCOPHARM,0.1,66,30,36,45.45%,1
56,DEEPAKNTR,0.1,56,33,23,58.93%,1
55,VBL,0.1,103,47,56,45.63%,1
37,SBFC,0.1,10,10,0,100.00%,1
50,SHRIRAMFIN,0.1,88,45,43,51.14%,1
49,CENTURYTEX,0.1,63,34,29,53.97%,1
49,GAIL,0.1,67,43,24,64.18%,1
51,APARINDS,0.1,69,40,29,57.97%,1
61,DATAPATTNS,0.1,37,24,13,64.86%,1
51,CIPLA,0.1,82,48,34,58.54%,1
48,CCL,0.1,83,36,47,43.37%,1
47,INDIACEM,0.1,67,35,32,52.24%,1
51,APTUS,0.1,67,33,34,49.25%,1
50,IDFC,0.1,57,30,27,52.63%,1
57,COFORGE,0.1,61,36,25,59.02%,1
57,SONATSOFTW,0.1,69,41,28,59.42%,1
52,JKLAKSHMI,0.1,68,32,36,47.06%,1
50,ACI,0.08,36,25,11,69.44%,1
49,NYKAA,0.1,62,28,34,45.16%,1
46,NHPC,0.1,67,36,31,53.73%,1
54,SUNTV,0.1,67,32,35,47.76%,1
48,EXIDEIND,0.1,58,34,24,58.62%,1
49,UNIONBANK,0.1,71,36,35,50.70%,1
55,NAUKRI,0.1,81,43,38,53.09%,1
60,NAM-INDIA,0.08,75,41,34,54.67%,1
55,TEJASNET,0.1,73,29,44,39.73%,1
44,GODREJCP,0.1,71,42,29,59.15%,1
40,LICI,0.1,41,17,24,41.46%,1
41,LTIM,0.1,47,32,15,68.09%,1
50,RVNL,0.1,62,38,24,61.29%,1
54,3MINDIA,0.1,72,37,35,51.39%,1
63,MSUMI,0.1,30,22,8,73.33%,1
64,INTELLECT,0.1,47,28,19,59.57%,1
51,JSWSTEEL,0.1,79,45,34,56.96%,1
72,RKFORGE,0.1,36,24,12,66.67%,1
49,UBL,0.1,79,45,34,56.96%,1
42,360ONE,0.1,56,35,21,62.50%,1
51,REDINGTON,0.1,78,41,37,52.56%,1
43,CASTROLIND,0.1,56,33,23,58.93%,1
47,CEATLTD,0.08,59,37,22,62.71%,1
53,HUDCO,0.1,59,29,30,49.15%,1
52,FINCABLES,0.1,63,37,26,58.73%,1
46,IRFC,0.1,52,24,28,46.15%,1
47,INFY,0.08,62,42,20,67.74%,1
45,ABFRL,0.1,65,40,25,61.54%,1
51,HBLPOWER,0.1,84,34,50,40.48%,1
73,LXCHEM,0.1,10,6,4,60.00%,1
44,ASTRAZEN,0.08,60,34,26,56.67%,1
46,FINPIPE,0.1,67,34,33,50.75%,1
51,BIRLACORPN,0.1,74,46,28,62.16%,1
56,RAMCOCEM,0.08,67,38,29,56.72%,1
52,SBILIFE,0.1,76,32,44,42.11%,1
63,OLECTRA,0.1,48,26,22,54.17%,1
59,VTL,0.1,72,38,34,52.78%,1
60,NSLNISP,0.1,26,15,11,57.69%,1
59,IPCALAB,0.1,59,32,27,54.24%,1
52,LTTS,0.08,63,37,26,58.73%,1
50,HINDPETRO,0.1,55,33,22,60.00%,1
50,OBEROIRLTY,0.1,75,45,30,60.00%,1
60,NLCINDIA,0.1,57,31,26,54.39%,1
69,SWANENERGY,0.1,41,22,19,53.66%,1
52,PAGEIND,0.1,78,42,36,53.85%,1
35,MAZDOCK,0.1,17,14,3,82.35%,1
63,MAPMYINDIA,0.1,34,13,21,38.24%,1
49,ABBOTINDIA,0.1,72,40,32,55.56%,1
49,TECHM,0.08,75,37,38,49.33%,1
54,LODHA,0.1,61,34,27,55.74%,1
55,MOTILALOFS,0.1,69,32,37,46.38%,1
56,BRIGADE,0.1,77,41,36,53.25%,1
49,CDSL,0.1,58,34,24,58.62%,1
46,DLF,0.1,73,35,38,47.95%,1
48,MGL,0.08,71,43,28,60.56%,1
49,BPCL,0.1,75,39,36,52.00%,1
48,BDL,0.1,63,38,25,60.32%,1
50,TCS,0.1,78,43,35,55.13%,1
48,PNCINFRA,0.1,69,40,29,57.97%,1
50,AFFLE,0.1,78,37,41,47.44%,1
47,ASHOKLEY,0.1,77,37,40,48.05%,1
52,CRISIL,0.1,89,35,54,39.33%,1
59,TITAN,0.1,60,31,29,51.67%,1
60,AUROPHARMA,0.1,63,25,38,39.68%,1
53,BLS,0.1,65,34,31,52.31%,1
67,LLOYDSME,0.08,17,10,7,58.82%,1
43,MOTHERSON,0.1,59,32,27,54.24%,1
49,MCX,0.1,60,25,35,41.67%,1
53,JSWENERGY,0.1,80,42,38,52.50%,1
40,DMART,0.1,49,31,18,63.27%,1
51,GRINDWELL,0.1,73,41,32,56.16%,1
48,KPRMILL,0.1,68,40,28,58.82%,1
32,MUTHOOTFIN,0.1,19,14,5,73.68%,1
68,PPLPHARMA,0.1,24,16,8,66.67%,1
50,CHOLAFIN,0.1,81,41,40,50.62%,1
50,MAHABANK,0.1,67,31,36,46.27%,1
50,INDUSINDBK,0.1,67,34,33,50.75%,1
45,GPPL,0.1,61,40,21,65.57%,1
41,PIIND,0.1,50,29,21,58.00%,1
59,ANGELONE,0.1,52,29,23,55.77%,1
59,PAYTM,0.1,48,26,22,54.17%,1
63,CGCL,0.1,51,25,26,49.02%,1
60,SKFINDIA,0.1,53,27,26,50.94%,1
57,RBLBANK,0.1,70,30,40,42.86%,1
69,TANLA,0.1,27,17,10,62.96%,1
47,DEEPAKFERT,0.1,62,31,31,50.00%,1
63,PRAJIND,0.1,56,25,31,44.64%,1
39,APOLLOTYRE,0.1,44,28,16,63.64%,1
40,MARICO,0.1,49,28,21,57.14%,1
65,POONAWALLA,0.1,54,32,22,59.26%,1
46,GESHIP,0.1,63,34,29,53.97%,1
51,AMBER,0.1,80,36,44,45.00%,1
49,PRSMJOHNSN,0.1,86,47,39,54.65%,1
56,BAJFINANCE,0.08,65,33,32,50.77%,1
45,TATACHEM,0.1,70,38,32,54.29%,1
70,KALYANKJIL,0.08,24,19,5,79.17%,1
50,HDFCBANK,0.1,81,47,34,58.02%,1
48,MHRIL,0.1,80,41,39,51.25%,1
36,NESTLEIND,0.1,36,22,14,61.11%,1
51,SYNGENE,0.08,80,40,40,50.00%,1
56,CESC,0.08,62,33,29,53.23%,1
61,JINDALSAW,0.1,59,28,31,47.46%,1
55,MINDACORP,0.1,94,49,45,52.13%,1
63,JBCHEPHARM,0.1,59,28,31,47.46%,1
63,DIVISLAB,0.1,54,25,29,46.30%,1
49,CHOLAHLDNG,0.1,86,43,43,50.00%,1
54,CSBBANK,0.1,69,39,30,56.52%,1
48,RCF,0.1,77,37,40,48.05%,1
42,AIAENG,0.08,76,45,31,59.21%,1
41,IRB,0.1,58,34,24,58.62%,1
40,GLAND,0.1,43,20,23,46.51%,1
57,SJVN,0.1,74,37,37,50.00%,1
59,HINDCOPPER,0.1,50,25,25,50.00%,1
45,LAURUSLABS,0.1,59,27,32,45.76%,1
61,IRCON,0.1,59,29,30,49.15%,1
60,COCHINSHIP,0.1,59,26,33,44.07%,1
41,HEG,0.1,50,29,21,58.00%,1
52,CIEINDIA,0.1,73,39,34,53.42%,1
52,GLAXO,0.1,71,41,30,57.75%,1
59,CHAMBLFERT,0.1,66,34,32,51.52%,1
40,EIHOTEL,0.1,41,23,18,56.10%,1
66,JIOFIN,0.1,16,10,6,62.50%,1
49,JSWINFRA,0.1,34,18,16,52.94%,1
54,MAHLIFE,0.1,55,32,23,58.18%,1
67,CENTRALBK,0.1,27,18,9,66.67%,1
46,ZENSARTECH,0.1,64,34,30,53.12%,1
37,ADANIENT,0.1,29,17,12,58.62%,1
61,CHENNPETRO,0.1,59,36,23,61.02%,1
58,SHYAMMETL,0.1,52,20,32,38.46%,1
55,ELGIEQUIP,0.1,86,37,49,43.02%,1
50,QUESS,0.1,70,39,31,55.71%,1
48,BAYERCROP,0.08,65,32,33,49.23%,1
64,ADANIENSOL,0.1,45,24,21,53.33%,1
28,ENGINERSIN,0.08,10,10,0,100.00%,1
55,AVANTIFEED,0.08,85,45,40,52.94%,1
48,CRAFTSMAN,0.1,51,30,21,58.82%,1
51,CENTURYPLY,0.1,62,32,30,51.61%,1
43,FEDERALBNK,0.1,59,36,23,61.02%,1
53,HINDUNILVR,0.1,73,41,32,56.16%,1
69,DELHIVERY,0.1,22,12,10,54.55%,1
47,USHAMART,0.1,69,36,33,52.17%,1
57,POLICYBZR,0.1,54,29,25,53.70%,1
58,SANOFI,0.08,60,25,35,41.67%,1
52,JBMA,0.1,68,35,33,51.47%,1
52,PCBL,0.1,80,42,38,52.50%,1
53,VIJAYA,0.08,64,36,28,56.25%,1
43,HINDZINC,0.1,65,36,29,55.38%,1
54,NBCC,0.1,74,36,38,48.65%,0
62,MPHASIS,0.1,57,20,37,35.09%,0
51,BHARATFORG,0.1,87,29,58,33.33%,0
41,UTIAMC,0.1,43,24,19,55.81%,0
43,SWSOLAR,0.1,73,33,40,45.21%,0
51,KPITTECH,0.1,67,33,34,49.25%,0
50,PHOENIXLTD,0.1,96,37,59,38.54%,0
46,TRITURBINE,0.1,65,35,30,53.85%,0
61,SCHNEIDER,0.1,65,25,40,38.46%,0
46,JINDALSTEL,0.1,56,32,24,57.14%,0
52,EMAMILTD,0.1,72,38,34,52.78%,0
71,LICHSGFIN,0.1,27,18,9,66.67%,0
48,PATANJALI,0.1,73,28,45,38.36%,0
45,RITES,0.1,68,38,30,55.88%,0
54,DCMSHRIRAM,0.1,77,40,37,51.95%,0
48,JUBLFOOD,0.1,65,32,33,49.23%,0
54,TRIDENT,0.1,77,34,43,44.16%,0
40,ASAHIINDIA,0.1,46,28,18,60.87%,0
67,SYRMA,0.1,24,12,12,50.00%,0
58,UCOBANK,0.1,48,25,23,52.08%,0
56,ELECON,0.1,63,36,27,57.14%,0
47,RTNINDIA,0.1,76,30,46,39.47%,0
54,CONCOR,0.1,67,29,38,43.28%,0
62,ALLCARGO,0.1,55,25,30,45.45%,0
44,ECLERX,0.1,60,29,31,48.33%,0
49,AEGISLOG,0.1,71,36,35,50.70%,0
54,J&KBANK,0.1,78,39,39,50.00%,0
47,GSFC,0.1,76,37,39,48.68%,0
46,CAMS,0.1,52,30,22,57.69%,0
59,GRANULES,0.1,68,31,37,45.59%,0
49,EQUITASBNK,0.1,65,37,28,56.92%,0
58,BORORENEW,0.1,57,23,34,40.35%,0
61,SRF,0.1,61,27,34,44.26%,0
39,DOMS,0.08,10,5,5,50.00%,0
47,ABCAPITAL,0.1,77,31,46,40.26%,0
38,CANFINHOME,0.1,31,19,12,61.29%,0
66,APLLTD,0.1,28,15,13,53.57%,0
34,TIMKEN,0.1,23,15,8,65.22%,0
49,BALKRISIND,0.1,64,31,33,48.44%,0
48,HDFCLIFE,0.08,74,37,37,50.00%,0
55,RATNAMANI,0.1,75,39,36,52.00%,0
55,AARTIIND,0.1,53,29,24,54.72%,0
42,SAIL,0.1,58,31,27,53.45%,0
45,DABUR,0.1,76,39,37,51.32%,0
43,TRIVENI,0.1,60,31,29,51.67%,0
57,RELIANCE,0.05,62,32,30,51.61%,0
41,MAXHEALTH,0.1,36,25,11,69.44%,0
40,KSB,0.1,42,21,21,50.00%,0
56,ALKYLAMINE,0.1,58,31,27,53.45%,0
39,IEX,0.08,37,27,10,72.97%,0
45,ASTRAL,0.08,61,28,33,45.90%,0
49,GMDCLTD,0.08,70,39,31,55.71%,0
57,EIDPARRY,0.1,74,34,40,45.95%,0
66,CARBORUNIV,0.1,46,26,20,56.52%,0
50,KOTAKBANK,0.08,83,37,46,44.58%,0
56,PEL,0.1,70,32,38,45.71%,0
54,IOB,0.1,74,26,48,35.14%,0
58,ADANIGREEN,0.1,68,27,41,39.71%,0
48,BALRAMCHIN,0.1,72,32,40,44.44%,0
62,CAPLIPOINT,0.1,56,26,30,46.43%,0
47,JKPAPER,0.08,66,30,36,45.45%,0
52,WHIRLPOOL,0.08,57,28,29,49.12%,0
50,METROPOLIS,0.08,61,35,26,57.38%,0
54,PRESTIGE,0.1,82,31,51,37.80%,0
47,HOMEFIRST,0.08,79,42,37,53.16%,0
50,SAFARI,0.1,70,37,33,52.86%,0
49,DRREDDY,0.08,76,43,33,56.58%,0
34,GUJGASLTD,0.08,24,16,8,66.67%,0
54,GICRE,0.1,83,31,52,37.35%,0
53,MMTC,0.1,61,32,29,52.46%,0
63,IDFCFIRSTB,0.08,44,27,17,61.36%,0
73,WESTLIFE,0.1,13,10,3,76.92%,0
47,YESBANK,0.1,68,31,37,45.59%,0
57,MASTEK,0.1,66,34,32,51.52%,0
55,FINEORG,0.1,72,29,43,40.28%,0
46,GNFC,0.1,75,29,46,38.67%,0
42,JUSTDIAL,0.1,53,27,26,50.94%,0
36,CUB,0.1,45,26,19,57.78%,0
51,JMFINANCIL,0.1,74,35,39,47.30%,0
55,SOBHA,0.1,69,37,32,53.62%,0
55,PGHH,0.1,78,31,47,39.74%,0
52,RENUKA,0.1,72,38,34,52.78%,0
35,CELLO,0.08,15,9,6,60.00%,0
50,IIFL,0.1,80,36,44,45.00%,0
56,HAPPYFORGE,0.08,19,10,9,52.63%,0
52,MANKIND,0.1,33,21,12,63.64%,0
47,ICICIPRULI,0.1,67,28,39,41.79%,0
55,SUMICHEM,0.08,81,37,44,45.68%,0
34,GAEL,0.1,22,18,4,81.82%,0
54,IGL,0.1,101,28,73,27.72%,0
51,BLUEDART,0.1,64,35,29,54.69%,0
59,MTARTECH,0.1,46,22,24,47.83%,0
50,NUVAMA,0.08,28,15,13,53.57%,0
65,HONASA,0.08,12,5,7,41.67%,0
58,BALAMINES,0.1,56,28,28,50.00%,0
40,SHREECEM,0.08,48,26,22,54.17%,0
50,MRPL,0.1,57,32,25,56.14%,0
25,CLEAN,0.08,10,8,2,80.00%,0
50,VARROC,0.1,67,31,36,46.27%,0
55,ACC,0.05,71,30,41,42.25%,0
42,SAPPHIRE,0.1,45,26,19,57.78%,0
54,WELSPUNLIV,0.1,70,29,41,41.43%,0
49,NIACL,0.08,69,30,39,43.48%,0
44,RHIM,0.1,54,28,26,51.85%,0
33,PETRONET,0.08,27,16,11,59.26%,0
51,FSL,0.08,80,34,46,42.50%,0
62,INOXWIND,0.1,49,22,27,44.90%,0
61,ATGL,0.1,45,24,21,53.33%,0
51,BIOCON,0.1,83,34,49,40.96%,0
55,SBICARD,0.08,63,32,31,50.79%,0
51,M&MFIN,0.08,28,20,8,71.43%,0
40,JUBLINGREA,0.08,40,23,17,57.50%,0
29,BANDHANBNK,0.08,22,15,7,68.18%,0
50,NAVINFLUOR,0.1,88,41,47,46.59%,0
52,INDUSTOWER,0.1,87,26,61,29.89%,0
49,SPARC,0.1,69,30,39,43.48%,0
41,FLUOROCHEM,0.1,47,24,23,51.06%,0
51,SAMMAANCAP,0.1,71,30,41,42.25%,0
51,BBTC,0.1,85,27,58,31.76%,0
44,ARE&M,0.1,66,25,41,37.88%,0
59,INDIAMART,0.1,61,29,32,47.54%,0
41,GRAPHITE,0.1,55,29,26,52.73%,0
45,IDBI,0.1,65,38,27,58.46%,0
51,PVRINOX,0.08,71,29,42,40.85%,0
27,BATAINDIA,0.08,11,7,4,63.64%,0
46,KRBL,0.1,79,21,58,26.58%,0
54,ITI,0.1,82,23,59,28.05%,0
47,KNRCON,0.08,81,35,46,43.21%,0
49,GRSE,0.1,81,34,47,41.98%,0
32,TMB,0.08,15,10,5,66.67%,0
49,EPL,0.1,94,34,60,36.17%,0
41,GODREJPROP,0.08,63,29,34,46.03%,0
61,NUVOCO,0.1,33,11,22,33.33%,0
52,AUBANK,0.1,61,25,36,40.98%,0
55,FDC,0.1,79,33,46,41.77%,0
54,KANSAINER,0.1,64,33,31,51.56%,0
47,ALOKINDS,0.1,74,30,44,40.54%,0
38,GSPL,0.1,41,22,19,53.66%,0
48,RBA,0.1,77,16,61,20.78%,0
35,SAREGAMA,0.1,31,17,14,54.84%,0
46,MANYAVAR,0.1,48,24,24,50.00%,0
51,STLTECH,0.1,78,28,50,35.90%,0
33,CAMPUS,0.1,28,14,14,50.00%,0
42,LATENTVIEW,0.1,49,25,24,51.02%,0
49,GMMPFAUDLR,0.1,86,25,61,29.07%,0
50,ZEEL,0.08,69,28,41,40.58%,0
63,HAPPSTMNDS,0.08,33,15,18,45.45%,0
36,DEVYANI,0.1,33,15,18,45.45%,0
54,FACT,0.1,78,35,43,44.87%,0
30,MEDPLUS,0.08,12,8,4,66.67%,0
27,CHEMPLASTS,0.1,10,7,3,70.00%,0
45,EASEMYTRIP,0.1,74,32,42,43.24%,0
47,CROMPTON,0.1,72,12,60,16.67%,0
40,SUNTECK,0.1,48,20,28,41.67%,0
34,METROBRAND,0.08,14,9,5,64.29%,0
44,IDEA,0.1,74,21,53,28.38%,0
45,SIGNATURE,0.05,20,13,7,65.00%,0
57,ROUTE,0.08,54,27,27,50.00%,0
51,HFCL,0.1,73,29,44,39.73%,0
50,JUBLPHARMA,0.1,61,26,35,42.62%,0
50,CREDITACC,0.1,72,20,52,27.78%,0
48,RAJESHEXPO,0.1,76,33,43,43.42%,0
52,NETWORK18,0.1,80,31,49,38.75%,0
45,VIPIND,0.1,64,30,34,46.88%,0
56,UPL,0.1,79,28,51,35.44%,0
24,PRINCEPIPE,0.05,11,7,4,63.64%,0
46,AETHER,0.08,49,22,27,44.90%,0
50,SONACOMS,0.1,63,21,42,33.33%,0
47,AWL,0.1,60,18,42,30.00%,0
53,TV18BRDCST,0.1,51,23,28,45.10%,0
46,STARHEALTH,0.05,49,21,28,42.86%,0
50,INDIGOPNTS,0.1,61,19,42,31.15%,0
51,RRKABEL,0.08,17,8,9,47.06%,0
45,TATATECH,0.05,24,9,15,37.50%,0
43,TVSSCS,0.1,33,7,26,21.21%,0
