rsi,sl_pct,total_trades,winning_trades,losing_trades,win_ratio,symbol
10,0.5,2,2,0,100.0,360ONE
10,1.0,2,1,1,50.0,360ONE
10,1.5,2,1,1,50.0,360ONE
10,2.0,2,1,1,50.0,360ONE
11,0.5,3,3,0,100.0,360ONE
11,1.0,3,2,1,66.67,360ONE
11,1.5,3,2,1,66.67,360ONE
11,2.0,3,2,1,66.67,360ONE
12,0.5,5,3,2,60.0,360ONE
12,1.0,5,3,2,60.0,360ONE
12,1.5,5,3,2,60.0,360ONE
12,2.0,5,3,2,60.0,360ONE
13,0.5,7,2,5,28.57,360ONE
13,1.0,7,4,3,57.14,360ONE
13,1.5,7,3,4,42.86,360ONE
13,2.0,7,3,4,42.86,360ONE
14,0.5,10,3,7,30.0,360ONE
14,1.0,10,5,5,50.0,360ONE
14,1.5,10,3,7,30.0,360ONE
14,2.0,10,3,7,30.0,360ONE
15,0.5,15,4,11,26.669999999999998,360ONE
15,1.0,15,7,8,46.67,360ONE
15,1.5,15,5,10,33.33,360ONE
15,2.0,15,4,11,26.669999999999998,360ONE
16,0.5,21,8,13,38.1,360ONE
16,1.0,21,10,11,47.620000000000005,360ONE
16,1.5,21,7,14,33.33,360ONE
16,2.0,21,6,15,28.57,360ONE
17,0.5,31,14,17,45.16,360ONE
17,1.0,31,12,19,38.71,360ONE
17,1.5,31,9,22,29.03,360ONE
17,2.0,31,8,23,25.81,360ONE
18,0.5,36,15,21,41.67,360ONE
18,1.0,36,13,23,36.11,360ONE
18,1.5,36,11,25,30.56,360ONE
18,2.0,36,10,26,27.779999999999998,360ONE
19,0.5,41,17,24,41.46,360ONE
19,1.0,41,14,27,34.150000000000006,360ONE
19,1.5,41,12,29,29.270000000000003,360ONE
19,2.0,41,11,30,26.83,360ONE
20,0.5,52,24,28,46.150000000000006,360ONE
20,1.0,52,21,31,40.38,360ONE
20,1.5,52,18,34,34.62,360ONE
20,2.0,52,17,35,32.690000000000005,360ONE
21,0.5,69,31,38,44.93,360ONE
21,1.0,69,27,42,39.129999999999995,360ONE
21,1.5,69,25,44,36.230000000000004,360ONE
21,2.0,69,21,48,30.43,360ONE
22,0.5,87,38,49,43.68,360ONE
22,1.0,87,31,56,35.63,360ONE
22,1.5,87,32,55,36.78,360ONE
22,2.0,87,28,59,32.18,360ONE
23,0.5,100,38,62,38.0,360ONE
23,1.0,100,35,65,35.0,360ONE
23,1.5,100,39,61,39.0,360ONE
23,2.0,100,35,65,35.0,360ONE
24,0.5,118,44,74,37.29,360ONE
24,1.0,118,45,73,38.14,360ONE
24,1.5,118,47,71,39.83,360ONE
24,2.0,118,43,75,36.44,360ONE
25,0.5,127,45,82,35.43,360ONE
25,1.0,127,48,79,37.8,360ONE
25,1.5,127,49,78,38.58,360ONE
25,2.0,127,45,82,35.43,360ONE
26,0.5,148,58,90,39.190000000000005,360ONE
26,1.0,148,58,90,39.190000000000005,360ONE
26,1.5,148,55,93,37.16,360ONE
26,2.0,148,52,96,35.14,360ONE
27,0.5,179,64,115,35.75,360ONE
27,1.0,179,71,108,39.660000000000004,360ONE
27,1.5,179,66,113,36.870000000000005,360ONE
27,2.0,179,60,119,33.52,360ONE
28,0.5,209,84,125,40.19,360ONE
28,1.0,209,93,116,44.5,360ONE
28,1.5,209,86,123,41.15,360ONE
28,2.0,209,78,131,37.32,360ONE
29,0.5,228,93,135,40.79,360ONE
29,1.0,228,101,127,44.3,360ONE
29,1.5,228,95,133,41.67,360ONE
29,2.0,228,90,138,39.47,360ONE
30,0.5,263,114,149,43.35,360ONE
30,1.0,263,121,142,46.01,360ONE
30,1.5,263,112,151,42.59,360ONE
30,2.0,263,108,155,41.06,360ONE
31,0.5,287,127,160,44.25,360ONE
31,1.0,287,131,156,45.64,360ONE
31,1.5,287,122,165,42.51,360ONE
31,2.0,287,117,170,40.77,360ONE
32,0.5,315,130,185,41.27,360ONE
32,1.0,315,137,178,43.49,360ONE
32,1.5,315,131,184,41.589999999999996,360ONE
32,2.0,315,128,187,40.63,360ONE
33,0.5,349,151,198,43.269999999999996,360ONE
33,1.0,349,154,195,44.13,360ONE
33,1.5,349,148,201,42.41,360ONE
33,2.0,349,148,201,42.41,360ONE
34,0.5,411,176,235,42.82,360ONE
34,1.0,411,179,232,43.55,360ONE
34,1.5,411,171,240,41.61,360ONE
34,2.0,411,171,240,41.61,360ONE
35,0.5,473,191,282,40.38,360ONE
35,1.0,473,197,276,41.65,360ONE
35,1.5,473,194,279,41.010000000000005,360ONE
35,2.0,473,191,282,40.38,360ONE
36,0.5,530,223,307,42.08,360ONE
36,1.0,530,224,306,42.26,360ONE
36,1.5,530,222,308,41.89,360ONE
36,2.0,530,218,312,41.13,360ONE
37,0.5,573,247,326,43.11,360ONE
37,1.0,573,247,326,43.11,360ONE
37,1.5,573,243,330,42.41,360ONE
37,2.0,573,237,336,41.36,360ONE
38,0.5,626,276,350,44.09,360ONE
38,1.0,626,276,350,44.09,360ONE
38,1.5,626,275,351,43.93,360ONE
38,2.0,626,270,356,43.13,360ONE
39,0.5,658,279,379,42.4,360ONE
39,1.0,658,284,374,43.16,360ONE
39,1.5,658,292,366,44.379999999999995,360ONE
39,2.0,658,288,370,43.769999999999996,360ONE
40,0.5,713,305,408,42.78,360ONE
40,1.0,713,314,399,44.04,360ONE
40,1.5,713,317,396,44.46,360ONE
40,2.0,713,311,402,43.62,360ONE
41,0.5,717,319,398,44.49,360ONE
41,1.0,717,324,393,45.190000000000005,360ONE
41,1.5,717,319,398,44.49,360ONE
41,2.0,717,315,402,43.93,360ONE
42,0.5,760,338,422,44.47,360ONE
42,1.0,760,340,420,44.74,360ONE
42,1.5,760,337,423,44.34,360ONE
42,2.0,760,334,426,43.95,360ONE
43,0.5,789,355,434,44.99,360ONE
43,1.0,789,358,431,45.37,360ONE
43,1.5,789,357,432,45.25,360ONE
43,2.0,789,353,436,44.74,360ONE
44,0.5,818,360,458,44.01,360ONE
44,1.0,818,365,453,44.62,360ONE
44,1.5,818,360,458,44.01,360ONE
44,2.0,818,355,463,43.4,360ONE
45,0.5,820,356,464,43.41,360ONE
45,1.0,820,365,455,44.51,360ONE
45,1.5,820,361,459,44.019999999999996,360ONE
45,2.0,820,355,465,43.29,360ONE
46,0.5,851,392,459,46.06,360ONE
46,1.0,851,402,449,47.24,360ONE
46,1.5,851,398,453,46.77,360ONE
46,2.0,851,391,460,45.95,360ONE
47,0.5,866,398,468,45.96,360ONE
47,1.0,866,417,449,48.15,360ONE
47,1.5,866,413,453,47.69,360ONE
47,2.0,866,406,460,46.88,360ONE
48,0.5,864,412,452,47.69,360ONE
48,1.0,864,424,440,49.07,360ONE
48,1.5,864,425,439,49.19,360ONE
48,2.0,864,415,449,48.03,360ONE
49,0.5,860,419,441,48.72,360ONE
49,1.0,860,432,428,50.23,360ONE
49,1.5,860,437,423,50.81,360ONE
49,2.0,860,428,432,49.769999999999996,360ONE
50,0.5,865,429,436,49.6,360ONE
50,1.0,865,435,430,50.29,360ONE
50,1.5,865,443,422,51.21,360ONE
50,2.0,865,430,435,49.71,360ONE
51,0.5,873,428,445,49.03,360ONE
51,1.0,873,434,439,49.71,360ONE
51,1.5,873,438,435,50.17,360ONE
51,2.0,873,430,443,49.26,360ONE
52,0.5,873,421,452,48.22,360ONE
52,1.0,873,425,448,48.68,360ONE
52,1.5,873,435,438,49.830000000000005,360ONE
52,2.0,873,435,438,49.830000000000005,360ONE
53,0.5,847,401,446,47.339999999999996,360ONE
53,1.0,847,412,435,48.64,360ONE
53,1.5,847,415,432,49.0,360ONE
53,2.0,847,414,433,48.88,360ONE
54,0.5,811,381,430,46.98,360ONE
54,1.0,811,395,416,48.71,360ONE
54,1.5,811,394,417,48.58,360ONE
54,2.0,811,392,419,48.339999999999996,360ONE
55,0.5,802,379,423,47.260000000000005,360ONE
55,1.0,802,393,409,49.0,360ONE
55,1.5,802,398,404,49.63,360ONE
55,2.0,802,396,406,49.38,360ONE
56,0.5,757,356,401,47.03,360ONE
56,1.0,757,366,391,48.35,360ONE
56,1.5,757,368,389,48.61,360ONE
56,2.0,757,364,393,48.08,360ONE
57,0.5,712,335,377,47.05,360ONE
57,1.0,712,349,363,49.02,360ONE
57,1.5,712,351,361,49.3,360ONE
57,2.0,712,345,367,48.46,360ONE
58,0.5,657,330,327,50.23,360ONE
58,1.0,657,333,324,50.68,360ONE
58,1.5,657,344,313,52.35999999999999,360ONE
58,2.0,657,338,319,51.449999999999996,360ONE
59,0.5,644,310,334,48.14,360ONE
59,1.0,644,315,329,48.91,360ONE
59,1.5,644,324,320,50.31,360ONE
59,2.0,644,321,323,49.84,360ONE
60,0.5,619,311,308,50.239999999999995,360ONE
60,1.0,619,308,311,49.76,360ONE
60,1.5,619,313,306,50.57000000000001,360ONE
60,2.0,619,307,312,49.6,360ONE
61,0.5,604,302,302,50.0,360ONE
61,1.0,604,306,298,50.660000000000004,360ONE
61,1.5,604,308,296,50.99,360ONE
61,2.0,604,300,304,49.669999999999995,360ONE
62,0.5,567,258,309,45.5,360ONE
62,1.0,567,279,288,49.21,360ONE
62,1.5,567,279,288,49.21,360ONE
62,2.0,567,277,290,48.85,360ONE
63,0.5,528,230,298,43.56,360ONE
63,1.0,528,252,276,47.73,360ONE
63,1.5,528,250,278,47.349999999999994,360ONE
63,2.0,528,252,276,47.73,360ONE
64,0.5,481,211,270,43.87,360ONE
64,1.0,481,225,256,46.78,360ONE
64,1.5,481,225,256,46.78,360ONE
64,2.0,481,227,254,47.19,360ONE
65,0.5,426,183,243,42.96,360ONE
65,1.0,426,200,226,46.949999999999996,360ONE
65,1.5,426,198,228,46.48,360ONE
65,2.0,426,201,225,47.18,360ONE
66,0.5,373,159,214,42.63,360ONE
66,1.0,373,168,205,45.04,360ONE
66,1.5,373,168,205,45.04,360ONE
66,2.0,373,169,204,45.31,360ONE
67,0.5,355,146,209,41.13,360ONE
67,1.0,355,161,194,45.35,360ONE
67,1.5,355,161,194,45.35,360ONE
67,2.0,355,158,197,44.51,360ONE
68,0.5,313,129,184,41.21,360ONE
68,1.0,313,146,167,46.650000000000006,360ONE
68,1.5,313,143,170,45.69,360ONE
68,2.0,313,142,171,45.37,360ONE
69,0.5,304,126,178,41.449999999999996,360ONE
69,1.0,304,140,164,46.050000000000004,360ONE
69,1.5,304,138,166,45.39,360ONE
69,2.0,304,134,170,44.080000000000005,360ONE
70,0.5,263,108,155,41.06,360ONE
70,1.0,263,120,143,45.629999999999995,360ONE
70,1.5,263,123,140,46.77,360ONE
70,2.0,263,118,145,44.87,360ONE
71,0.5,240,93,147,38.75,360ONE
71,1.0,240,107,133,44.58,360ONE
71,1.5,240,109,131,45.42,360ONE
71,2.0,240,107,133,44.58,360ONE
72,0.5,207,77,130,37.2,360ONE
72,1.0,207,91,116,43.96,360ONE
72,1.5,207,92,115,44.440000000000005,360ONE
72,2.0,207,89,118,43.0,360ONE
73,0.5,167,62,105,37.13,360ONE
73,1.0,167,73,94,43.71,360ONE
73,1.5,167,72,95,43.11,360ONE
73,2.0,167,71,96,42.51,360ONE
74,0.5,144,50,94,34.72,360ONE
74,1.0,144,57,87,39.58,360ONE
74,1.5,144,59,85,40.97,360ONE
74,2.0,144,56,88,38.89,360ONE
75,0.5,121,46,75,38.019999999999996,360ONE
75,1.0,121,53,68,43.8,360ONE
75,1.5,121,55,66,45.45,360ONE
75,2.0,121,52,69,42.980000000000004,360ONE
76,0.5,94,36,58,38.3,360ONE
76,1.0,94,44,50,46.81,360ONE
76,1.5,94,45,49,47.870000000000005,360ONE
76,2.0,94,42,52,44.68,360ONE
77,0.5,80,31,49,38.75,360ONE
77,1.0,80,39,41,48.75,360ONE
77,1.5,80,41,39,51.24999999999999,360ONE
77,2.0,80,39,41,48.75,360ONE
78,0.5,69,28,41,40.58,360ONE
78,1.0,69,34,35,49.28,360ONE
78,1.5,69,34,35,49.28,360ONE
78,2.0,69,35,34,50.72,360ONE
79,0.5,56,23,33,41.07,360ONE
79,1.0,56,26,30,46.43,360ONE
79,1.5,56,27,29,48.209999999999994,360ONE
79,2.0,56,28,28,50.0,360ONE
80,0.5,46,22,24,47.83,360ONE
80,1.0,46,23,23,50.0,360ONE
80,1.5,46,23,23,50.0,360ONE
80,2.0,46,24,22,52.17,360ONE
81,0.5,34,17,17,50.0,360ONE
81,1.0,34,17,17,50.0,360ONE
81,1.5,34,17,17,50.0,360ONE
81,2.0,34,18,16,52.94,360ONE
82,0.5,26,11,15,42.309999999999995,360ONE
82,1.0,26,14,12,53.849999999999994,360ONE
82,1.5,26,14,12,53.849999999999994,360ONE
82,2.0,26,15,11,57.69,360ONE
83,0.5,21,10,11,47.620000000000005,360ONE
83,1.0,21,12,9,57.14,360ONE
83,1.5,21,12,9,57.14,360ONE
83,2.0,21,12,9,57.14,360ONE
84,0.5,19,10,9,52.629999999999995,360ONE
84,1.0,19,11,8,57.89,360ONE
84,1.5,19,10,9,52.629999999999995,360ONE
84,2.0,19,10,9,52.629999999999995,360ONE
85,0.5,13,7,6,53.849999999999994,360ONE
85,1.0,13,7,6,53.849999999999994,360ONE
85,1.5,13,8,5,61.53999999999999,360ONE
85,2.0,13,8,5,61.53999999999999,360ONE
86,0.5,11,5,6,45.45,360ONE
86,1.0,11,6,5,54.55,360ONE
86,1.5,11,7,4,63.63999999999999,360ONE
86,2.0,11,7,4,63.63999999999999,360ONE
87,0.5,8,3,5,37.5,360ONE
87,1.0,8,4,4,50.0,360ONE
87,1.5,8,6,2,75.0,360ONE
87,2.0,8,5,3,62.5,360ONE
88,0.5,6,3,3,50.0,360ONE
88,1.0,6,3,3,50.0,360ONE
88,1.5,6,4,2,66.67,360ONE
88,2.0,6,4,2,66.67,360ONE
89,0.5,5,3,2,60.0,360ONE
89,1.0,5,3,2,60.0,360ONE
89,1.5,5,3,2,60.0,360ONE
89,2.0,5,3,2,60.0,360ONE
90,0.5,4,2,2,50.0,360ONE
90,1.0,4,2,2,50.0,360ONE
90,1.5,4,2,2,50.0,360ONE
90,2.0,4,2,2,50.0,360ONE
10,1.0,6,1,5,16.669999999999998,ZEEL
11,1.0,6,2,4,33.33,ZEEL
12,1.0,7,1,6,14.29,ZEEL
13,1.0,11,4,7,36.36,ZEEL
14,1.0,12,5,7,41.67,ZEEL
15,1.0,16,6,10,37.5,ZEEL
16,1.0,26,10,16,38.46,ZEEL
17,1.0,40,15,25,37.5,ZEEL
18,1.0,55,19,36,34.55,ZEEL
19,1.0,67,23,44,34.33,ZEEL
20,1.0,73,26,47,35.620000000000005,ZEEL
21,1.0,78,28,50,35.9,ZEEL
22,1.0,93,32,61,34.410000000000004,ZEEL
23,1.0,100,36,64,36.0,ZEEL
24,1.0,124,45,79,36.29,ZEEL
25,1.0,143,57,86,39.86,ZEEL
26,1.0,161,64,97,39.75,ZEEL
27,1.0,182,77,105,42.309999999999995,ZEEL
28,1.0,221,98,123,44.34,ZEEL
29,1.0,265,110,155,41.510000000000005,ZEEL
30,1.0,288,123,165,42.71,ZEEL
31,1.0,322,137,185,42.55,ZEEL
32,1.0,358,157,201,43.85,ZEEL
33,1.0,395,167,228,42.28,ZEEL
34,1.0,421,174,247,41.33,ZEEL
35,1.0,465,185,280,39.78,ZEEL
36,1.0,521,205,316,39.35,ZEEL
37,1.0,574,228,346,39.72,ZEEL
38,1.0,621,237,384,38.16,ZEEL
39,1.0,678,260,418,38.35,ZEEL
40,1.0,711,269,442,37.830000000000005,ZEEL
41,1.0,759,286,473,37.68,ZEEL
42,1.0,753,298,455,39.58,ZEEL
43,1.0,793,328,465,41.36,ZEEL
44,1.0,813,337,476,41.449999999999996,ZEEL
45,1.0,821,335,486,40.8,ZEEL
46,1.0,825,325,500,39.39,ZEEL
47,1.0,828,318,510,38.41,ZEEL
48,1.0,830,310,520,37.35,ZEEL
49,1.0,823,315,508,38.269999999999996,ZEEL
50,1.0,831,326,505,39.23,ZEEL
51,1.0,814,344,470,42.26,ZEEL
52,1.0,834,344,490,41.25,ZEEL
53,1.0,824,349,475,42.35,ZEEL
54,1.0,822,360,462,43.8,ZEEL
55,1.0,822,361,461,43.919999999999995,ZEEL
56,1.0,791,346,445,43.74,ZEEL
57,1.0,742,325,417,43.8,ZEEL
58,1.0,713,324,389,45.440000000000005,ZEEL
59,1.0,662,307,355,46.37,ZEEL
60,1.0,609,271,338,44.5,ZEEL
61,1.0,525,239,286,45.519999999999996,ZEEL
62,1.0,483,223,260,46.17,ZEEL
63,1.0,439,196,243,44.65,ZEEL
64,1.0,397,174,223,43.830000000000005,ZEEL
65,1.0,365,163,202,44.66,ZEEL
66,1.0,327,147,180,44.95,ZEEL
67,1.0,302,132,170,43.71,ZEEL
68,1.0,287,132,155,45.989999999999995,ZEEL
69,1.0,246,114,132,46.339999999999996,ZEEL
70,1.0,219,107,112,48.86,ZEEL
71,1.0,192,95,97,49.480000000000004,ZEEL
72,1.0,171,86,85,50.29,ZEEL
73,1.0,140,65,75,46.43,ZEEL
74,1.0,125,59,66,47.199999999999996,ZEEL
75,1.0,114,57,57,50.0,ZEEL
76,1.0,96,48,48,50.0,ZEEL
77,1.0,81,40,41,49.38,ZEEL
78,1.0,64,34,30,53.12,ZEEL
79,1.0,49,26,23,53.059999999999995,ZEEL
80,1.0,43,23,20,53.49,ZEEL
81,1.0,38,19,19,50.0,ZEEL
82,1.0,37,17,20,45.95,ZEEL
83,1.0,32,13,19,40.62,ZEEL
84,1.0,25,12,13,48.0,ZEEL
85,1.0,17,11,6,64.71000000000001,ZEEL
86,1.0,18,11,7,61.11,ZEEL
87,1.0,12,10,2,83.33,ZEEL
88,1.0,9,8,1,88.89,ZEEL
89,1.0,8,6,2,75.0,ZEEL
90,1.0,7,5,2,71.43,ZEEL
